{"cameraMode":{"drawMode":0,"name":"Shaded","section":"Shading Mode"},"sceneLighting":true,"audioPlay":false,"sceneViewState":{"m_AlwaysRefresh":false,"showFog":true,"showSkybox":true,"showFlares":true,"showImageEffects":true,"showParticleSystems":true,"showVisualEffectGraphs":true,"m_FxEnabled":true},"in2DMode":false,"pivot":{"x":389.0240783691406,"y":-142.08204650878907,"z":294.0447692871094},"rotation":{"x":0.5701779127120972,"y":-0.018480416387319566,"z":0.012831170111894608,"w":0.8212131857872009},"size":339.689697265625,"orthographic":false}